#Summary of PMFP chemicals, computed properties, and extended set bead ID (excluding AA residue codes) 
#ID,UACode,SMILES,formal charge [e],radius [nm], Hamaker[kT],mass[Da], comment 
ALASCA-JS,X00,C,0.0,0.17820021045312,44.244170265338745,16.042999999999996,alanine side chain
ARGSCA-JS,X01,CCCNC(N)=[NH2+],1,0.4374999999999999,4.075848405021987,102.16099999999999,arg side chain
ASNSCA-JS,X02,CC(N)=O,0,0.24499999999999933,40.692093358273276,59.068, asn side chain
ASPSCA-JS,X03,CC(=O)[O-],-1,0.24249999999999933,33.43092633556745,59.044000000000004,asp side chain
CYSSCA-JS,X04,CS,0,0.22999999999999932,43.28676920715256,48.10300000000001,cys side chain
GLNSCA-JS,X05,CCC(N)=O,0,0.3074999999999994,15.358681316965889,73.09499999999998,gln side chain
GLUSCA-JS,X06,CCC(=O)[O-],-1,0.3149999999999994,10.779598066262139,73.07099999999998, glu side chain
HIDSCA-JS,X07,Cc1cnc[nH]1,0,0.3074999999999994,17.146506056694296,82.10599999999998,HID side chain
HIESCA-JS,X08,Cc1c[nH]cn1,0,0.2974999999999994,21.557638603566147,82.10599999999998,HIE side chain
ILESCA-JS,X09,CCCC,0,0.28999999999999937,22.287623716778196,58.12400000000001,ILE side chain
LEUSCA-JS,X0A,CC(C)C,0,0.25749999999999934,50.28531628571823,58.12400000000001,LEU side chain
LYSSCA-JS,X0B,CCCC[NH3+],1,0.3599999999999995,7.763019968631252,74.14699999999998,LYS side chain
METSCA-JS,X0C,CCSC,0,0.32999999999999946,13.518120989078765,76.15699999999998,MET side chain
PHESCA-JS,X0D,Cc1ccccc1,0,0.3299999999999997,21.36695035316757,92.14099999999996,PHE side chain
SERSCA-JS,X0E,CO,0,0.19249999999999928,53.43546127885086,32.041999999999994,SER side chain
THRSCA-JS,X0F,CCO,0,0.24499999999999933,26.32481800182297,46.069,THR side chain
TRPSCA-JS,X0G,Cc1c[nH]c2ccccc12,0,0.3925,13.30279501709734,131.178,TRP side chain
TYRSCA-JS,X0H,Cc1ccc(O)cc1,0,0.37499999999999983,10.666417787287584,108.13999999999999,TYR side chain
VALSCA-JS,X0I,CCC,0,0.24999999999999933,33.059862301001324,44.097,VAL side chain
HIPSCA-JS,X0J,Cc1c[nH]c[nH+]1,1,0.3124999999999994,14.700837292821491,83.11399999999998, protonated HIS side chain
CHL-JS,X0K,C[N+](C)(C)C,1,0.23749999999999938,111.76829475702505,74.14699999999999, tetramethylammonium
ETA-JS,X0L,C[NH3+],1,0.18999999999999928,102.15881659210976,32.066,ethanolamine
PHO-JS,X0M,COP(=O)([O-])OC,-1,0.3624999999999998,13.596625467665007,125.04139999999997,phosphate
EST-JS,X0N,COC(C)=O,0,0.2974999999999994,18.679979833021292,74.07979999999999,ester
DGL-JS,X0O,OCC1OC(O)C(O)C(O)C1O,0,0.42000000000000015,9.529941343742841,180.1584,d-glucose
PROSCA-JS,X0P,C1CC1,0,0.24749999999999933,29.124797446757995,42.080999999999996,three-membered ring
CYMSCA-JS,X0Q,C[S-],-1,0.22999999999999932,84.27509604025472,47.095000000000006,charged cysteine
DMEP-JS,X0R,COP(=O)([O-])OC,-1,0.3624999999999998,13.596625467665007,125.04139999999997,phosphate
NC4-JS,X0S,C[N+](C)(C)C,1,0.23749999999999938,111.76829475702505,74.14699999999999,choline
MAS-JS,X0T,COC(C)=O,0,0.2974999999999994,18.679979833021292,74.07979999999999,ester
HSPSCA-JS,X0U,Cc1c[nH]c[nH+]1,1,0.3124999999999994,14.700837292821491,83.11399999999998,protonated HIS side chain
MAMM-JS,X0V,C[NH3+],1,0.18999999999999928,102.15881659210976,32.066,ethanolamine
GLY,X0W,NCC(=O)O,0,0.27499999999999936,28.78847850649135,75.07,glycine
PRO,X0X,O=C(O)C1CCCN1,0,0.3524999999999998,17.404149246428535,115.13199999999999,proline
GANSCA-JS,X0Y,CCC(=O)O,0,0.3224999999999994,9.812595561556813,74.07979999999999,protonated GLU side chain
GLUPSCA-JS,X0Z,CCC(=O)O,0,0.3224999999999994,9.812595561556813,74.07979999999999,protonated GLU side chain
ASPPSCA-JS,X10,CC(=O)O,0,0.24499999999999933,37.24249456540699,60.0528,protonated ASP side chain
AFUC-JS,X11,CC1OC(O)C(O)C(O)C1O,0,0.4,11.243944525340195,164.15900000000005,AFUC
BGLCNA-JS,X12,CC(=O)NC1C(O)OC(CO)C(O)C1O,0,0.4725000000000005,8.318928344957833,221.21140000000003,BGLCNA
AMAN-JS,X13,OCC1OC(O)C(O)C(O)C1O,0,0.3775000000000001,21.006410730262694,180.1584,AMAN
BGLC-JS,X14,OCC1OC(O)C(O)C(O)C1O,0,0.42000000000000015,9.529941347618749,180.1584,BGLC
ETHANE-AC,X15,CC,0,0.1999999999999993,77.74040941553905,30.068,ethane
PROPANE-AC,X16,CCC,0,0.25499999999999934,34.94799791157624,44.094,propane
ETHENE-AC,X17,C=C,0,0.1974999999999993,49.111976561784765,28.051999999999996,ethene
PROPENE-AC,X18,C=CC,0,0.24749999999999933,30.333336012229847,42.077999999999996,propene
BUTENE1-AC,X19,C=CCC,0,0.2999999999999994,16.355937745459478,56.10400000000001,but-1-ene
BUTENE2-AC,BTE,CC=CC,0,0.3024999999999994,16.869500848522406,56.10400000000001,but-2-ene
BUTENE13-AC,X1A,C=CC=C,0,0.3099999999999994,9.759004645784593,54.08800000000001,but-1<COMMA>3-ene
ALASCA-AC,X1B,C,0.0,0.17455112239796236,52.063731343331845,16.041999999999998,alanine side chain
ARGSCA-AC,X1C,CCCNC(N)=[NH2+],1,0.3799999999999997,9.484200333760619,102.16599999999998,arg side chain
ASNSCA-AC,X1D,CC(N)=O,0,0.24999999999999933,32.7498010438929,59.07, asn side chain
ASPSCA-AC,X1E,CC(=O)[O-],-1,0.24249999999999933,39.22641382546951,59.044000000000004,asp side chain
CYSSCA-AC,X1F,CS,0,0.22749999999999931,35.87266443956298,48.10200000000001,cys side chain
GLNSCA-AC,X1G,CCC(N)=O,0,0.3224999999999994,10.934105700980977,73.09599999999998,gln side chain
GLUSCA-AC,X1H,CCC(=O)[O-],-1,0.3174999999999994,11.932811859913468,73.07, glu side chain
HIDSCA-AC,X1I,Cc1cnc[nH]1,0,0.30499999999999944,23.537377391299508,82.10799999999998,HID side chain
HIESCA-AC,X1J,Cc1c[nH]cn1,0,0.30499999999999944,23.533240231239986,82.10799999999998,HIE side chain
ILESCA-AC,X1K,CCCC,0,0.29249999999999937,25.00589081593908,58.12000000000002,ILE side chain
LEUSCA-AC,X1L,CC(C)C,0,0.25999999999999934,55.87804695258051,58.12000000000002,LEU side chain
LYSSCA-AC,X1M,CCCC[NH3+],1,0.30749999999999955,28.04862149843243,74.146,LYS side chain
METSCA-AC,X1N,CCSC,0,0.31999999999999945,14.45639753566554,76.15399999999998,MET side chain
PHESCA-AC,X1O,Cc1ccccc1,0,0.3299999999999997,20.732968484858244,92.13399999999997,PHE side chain
SERSCA-AC,X1P,CO,0,0.18749999999999928,58.02012446332021,32.041999999999994,SER side chain
THRSCA-AC,X1Q,CCO,0,0.24749999999999933,26.59713135065067,46.068000000000005,THR side chain
TRPSCA-AC,X1R,Cc1c[nH]c2ccccc12,0,0.395,11.997448071926772,131.17200000000003,TRP side chain
TYRSCA-AC,X1S,Cc1ccc(O)cc1,0,0.3699999999999997,11.195025443065976,108.134,TYR side chain
VALSCA-AC,X1T,CCC,0,0.25499999999999934,34.94228739247759,44.094,VAL side chain
HIPSCA-AC,X1U,Cc1c[nH]c[nH+]1,1,0.30499999999999944,25.34655687295041,83.11599999999997, protonated HIS side chain
CHL-AC,CHL,C[N+](C)(C)C,1,0.2474999999999995,112.53711319968599,74.146,tetramethylammonium
ETA-AC,ETA,C[NH3+],1,0.17999999999999927,132.46007561078181,32.068,ethanolamine
PHO-AC,PHO,COP(=O)([O-])OC,-1,0.3774999999999997,8.031786094105453,125.03799999999997,phosphate
EST-AC,EST,COC(C)=O,0,0.29249999999999937,21.244145610104585,74.07799999999999,ester
DGL-AC,DGL,OCC1OC(O)C(O)C(O)C1O,0,0.3700000000000001,22.399475851402705,180.156,d-glucose
PROSCA-AC,X1V,C1CC1,0,0.2174999999999993,79.03325208436702,42.077999999999996,three-membered ring
CYMSCA-AC,CYM,C[S-],-1,0.22749999999999931,35.48117186256607,47.09400000000001,charged cysteine
DMEP-AC,DMP,COP(=O)([O-])OC,-1,0.38249999999999973,7.216546742005687,125.03799999999997,phosphate
NC4-AC,NC4,C[N+](C)(C)C,1,0.2474999999999995,112.50952402116148,74.146,choline head
MAS-AC,MAS,COC(C)=O,0,0.29249999999999937,21.231529931401614,74.07799999999999,ester
HSPSCA-AC,X1W,Cc1c[nH]c[nH+]1,1,0.30499999999999944,25.34655687295041,83.11599999999997,protonated HIS side chain
MAMM-AC,MMM,C[NH3+],1,0.17999999999999927,132.40373597910016,32.068,ethanolamine
GLY-AC,GLY,NCC(=O)O,0,0.24499999999999933,46.87671680699212,75.07,glycine
PRO-AC,PRO,O=C(O)C1CCCN1,0,0.3474999999999997,17.546587709190174,115.13199999999999,proline
GLY-JS,X1X,NCC(=O)O,0,0.26999999999999935,31.43309481967549,75.067,glycine
PRO-JS,X1Y,O=C(O)C1CCCN1,0,0.3549999999999997,15.503911470650356,115.13279999999999,proline
GANSCA-AC,GAN,CCC(=O)O,0,0.3024999999999994,16.79631282950401,74.07799999999999,protonated GLU side chain
GLUPSCA-AC,PRA,CCC(=O)O,0,0.3024999999999994,16.79636351309834,74.07799999999999,protonated GLU side chain
ASPPSCA-AC,X1Z,CC(=O)O,0,0.24999999999999933,31.151578593516074,60.05199999999999,protonated ASP side chain
AFUC-AC,FUC,CC1OC(O)C(O)C(O)C1O,0,0.3475,30.472451219856982,164.15600000000006,AFUC
BGLCNA-AC,NGL,CC(=O)NC1C(O)OC(CO)C(O)C1O,0,0.4300000000000004,14.515968380416732,221.21000000000004,BGLCNA
AMAN-AC,MAN,OCC1OC(O)C(O)C(O)C1O,0,0.3450000000000001,36.9953917113702,180.156,AMAN
BGLC-AC,BGL,OCC1OC(O)C(O)C(O)C1O,0,0.3325000000000001,48.095596913086204,180.156,BGLC
CS-3-AC,X20,CC(CN)O,0,0.27999999999999936,29.30931220339303,75.11199999999997,1-amino-2-propanol
CS-173-AC,X21,CC(=N)O,0,0.24999999999999933,32.9573678662351,59.07,Acetamide
CS-210-AC,X22,CC(=O)CN,0,0.28499999999999936,23.576655203572766,73.09599999999998,Aminoacetone
CS-218-AC,X23,[NH4+],1,0.1414992676455027,158.73663829312224,18.041999999999998,ammonium ion
CS-234-AC,X24,C(CN)C(=O)O,0,0.31749999999999945,14.181847748043776,89.09599999999998,beta-alanine
CS-270-AC,X25,C(=O)(N)[O-],-1,0.2074999999999993,70.92613571822429,60.036,Carbamate
CS-271-AC,X26,C(=O)(N)O,0,0.2174999999999993,51.490984278247666,61.044000000000004,Carbamic acid
CS-280-AC,X27,C(C(=O)O)ON,0,0.3049999999999994,13.991544126892112,91.06999999999998,(Aminooxy)acetic acid
CS-387-AC,X28,CC(C)[N+](=O)[O-],0,0.30999999999999944,22.616094072511654,89.09599999999998,2-nitropropane
CS-582-AC,X29,CC(C(=O)O)N,0,0.31249999999999944,15.678550574066922,89.09599999999998,DL-alanine
CS-693-AC,X2A,C(=O)N,0,0.2149999999999993,34.96036709414798,45.044000000000004,formamide
CS-730-AC,X2B,C(C(=O)O)N,0,0.24999999999999933,40.37585708555792,75.07,glycine
CS-949-AC,X2C,C(=O)(C(=O)O)N,0,0.27999999999999936,23.897411374248982,89.05399999999999,Oxamate
CS-1057-AC,X2D,CNCC(=O)O,0,0.31499999999999945,16.319473982134948,89.09599999999998,sarcosine
CS-1113-AC,X2E,C[N+](C)(C)[O-],0,0.24249999999999938,112.14840585141818,75.11199999999997,trimethylamine oxide
CS-1143-AC,X2F,C(=N)(N)O,0,0.2149999999999993,65.03504327214817,60.062,Urea
CS-1913-AC,X2G,C/C(=N/O)/O,0,0.28499999999999936,20.501066606343024,75.07,Acetohydroxamic acid
CS-3320-AC,X2H,c1cc(oc1)CN,0,0.3374999999999996,12.528087253427037,97.11599999999997,Furfurylamine
CS-3530-AC,X2I,C(=N)(NO)O,0,0.25999999999999934,28.897021486936126,76.062,Hydroxyurea
CS-3970-AC,X2J,CON,0,0.22749999999999931,28.370680322558773,47.06,methoxyamine
CS-5008-AC,X2K,C(=N)(NN)O,0,0.25999999999999934,28.09402654755036,75.07999999999998,Semicarbazide
CS-5439-AC,X2L,CCOC(=O)N,0,0.3499999999999995,7.845301371226142,89.09599999999998,urethane
CS-5735-AC,X2M,C[C@@H](C(=O)O)N,0,0.31249999999999944,15.66382871648736,89.09599999999998,L-alanine
CS-5894-AC,X2N,CN(C)N=O,0,0.27749999999999936,34.530204876171304,74.08799999999998,dimethylnitrosamine
CS-5993-AC,X2O,CN(C)C=O,0,0.28749999999999937,26.55959735398434,73.09599999999998,N<COMMA>N-dimethylformamide
CS-6110-AC,X2P,C=NO,0,0.24749999999999933,15.528732777359227,45.044000000000004,Formoxime
CS-6135-AC,X2Q,C[N+](=O)[O-],0,0.23749999999999932,41.22566519692102,61.044000000000004,nitromethane
CS-6330-AC,X2R,CCC(=O)N,0,0.3224999999999994,10.905957262254244,73.09599999999998,propionamide
CS-6331-AC,X2S,C=CC(=O)N,0,0.3149999999999994,9.925496331256886,71.07999999999998,acrylamide
CS-6332-AC,X2T,C(C(=O)N)Cl,0,0.3199999999999994,11.293402334641698,93.512,2-chloroacetamide
CS-6334-AC,X2U,CC(=O)NC,0,0.2974999999999994,20.62458152827399,73.09599999999999,N-methylacetamide
CS-6338-AC,X2V,CC[N+](=O)[O-],0,0.3149999999999994,12.162837736134463,75.07,nitroethane
CS-7021-AC,X2W,CNC(=O)NC,0,0.31249999999999944,20.488682871838673,88.11399999999998,N<COMMA>N'-dimethylurea
CS-7610-AC,X2X,C(C<HASH>N)C(=O)N,0,0.30499999999999944,21.024690371592115,84.082,2-cyanoacetamide
CS-7683-AC,X2Y,c1cc(cnc1)O,0,0.31999999999999945,17.63203144282138,95.09999999999998,3-Pyridinol
CS-7720-AC,X2Z,C(CO)C<HASH>N,0,0.26999999999999935,39.61442167610793,71.07999999999998,hydracrylonitrile
CS-8142-AC,X30,C1CNC(=O)N1,0,0.2874999999999994,29.49439640288023,86.09799999999998,2-imidazolidinone
CS-8537-AC,X31,c1ccnc(c1)O,0,0.32499999999999946,15.702828430109584,95.09999999999998,2-pyridone
CS-8733-AC,X32,C(CN)CO,0,0.2974999999999994,19.340551043274942,75.11199999999997,3-amino-1-propanol
CS-8897-AC,X33,c1cnoc1,0,0.25999999999999934,30.97613992905606,69.06400000000001,Isoxazole
CS-8898-AC,X34,c1cocn1,0,0.25499999999999934,34.976212924785926,69.064,Oxazole
CS-8953-AC,X35,Cc1cc(on1)C,0,0.3524999999999997,13.025128254987555,97.11599999999997,3<COMMA>5-Dimethylisoxazole
CS-9357-AC,X36,C(C<HASH>N)C(=O)O,0,0.30999999999999944,17.902731043833295,85.064,cyanoacetic acid
CS-10471-AC,X37,C1=CC(=O)N=C1O,0,0.2899999999999994,31.602985183635255,97.07399999999998,Maleimide
CS-10955-AC,X38,O=C1CCC(=O)N1,0,0.28749999999999953,41.93978050452877,99.08999999999997,Succinimide
CS-11227-AC,X39,CNC(=N)O,0,0.2949999999999994,17.345828886223337,74.08799999999998,1-Methylurea
CS-11244-AC,X3A,CN(C)C(=O)N,0,0.29999999999999943,26.19809127569918,88.11399999999998,1<COMMA>1-dimethylurea
CS-11530-AC,X3B,C1CC(=NC1)O,0,0.2799999999999994,42.91114842050558,85.10599999999998,2-Pyrrolidone
CS-11727-AC,X3C,CN=C=O,0,0.28499999999999936,15.477157795768553,57.05400000000001,Methyl isocyanate
CS-11787-AC,X3D,c1cnccc1O,0,0.29999999999999943,27.62587080183292,95.09999999999998,4-pyridone
CS-4945-AC,X3E,CC(CO)N,0,0.27499999999999936,32.74919812461833,75.11199999999997,DL-Alaninol
CS-12139-AC,X3F,C(=N)(N)NN=O,0,0.2949999999999994,20.606794166684214,88.082,1-Nitrosoguanidine
CS-12144-AC,X3G,C1CCN=C(C1)O,0,0.30499999999999966,37.73446837661514,99.132,2-Piperidone
CS-12229-AC,X3H,c1cc[n+](cc1)[O-],0,0.32749999999999957,17.277979302343617,95.09999999999998,pyridine oxide
CS-12814-AC,X3I,CN1CCCC1=O,0,0.31499999999999967,31.679376373329035,99.132,1-methyl-2-pyrrolidinone
CS-13254-AC,X3J,c1cc([nH]c1)C=O,0,0.3374999999999996,13.544495411346174,95.09999999999998,2-Formyl-1H-pyrrole
CS-13420-AC,X3K,C/C(=N/N)/O,0,0.28999999999999937,20.41510044718973,74.08799999999998,Acethydrazide
CS-16629-AC,X3L,CN(C)C(=O)C=C,0,0.3574999999999997,12.284221219112132,99.132,N<COMMA>N-dimethylacrylamide
CS-19489-AC,X3M,c1cncnc1O,0,0.29499999999999943,29.351351197895482,96.09199999999998,1H-Pyrimidin-4-one
CS-20788-AC,X3N,CCC(CO)N,0,0.3324999999999996,14.758547823369625,89.13799999999999,(+/-)-2-amino-1-butanol
CS-23329-AC,X3O,c1cnc([nH]1)C=O,0,0.32749999999999957,16.15073113600936,96.09199999999998,Imidazole-2-carbaldehyde
CS-28994-AC,X3P,CNC=O,0,0.28249999999999936,15.734832732346286,59.07,N-methylformamide
CS-29107-AC,X3Q,CC(=O)N(C)C,0,0.30749999999999955,28.361710002003278,87.12199999999997,N<COMMA>N-dimethylacetamide
CS-61461-AC,X3R,c1cc(=O)[nH]nc1,0,0.31999999999999945,17.02986434548665,96.09199999999998,pyridazinone
CS-61465-AC,X3S,C1COC=N1,0,0.25249999999999934,48.44053779739448,71.07999999999998,oxazoline
CS-61686-AC,X3T,c1cnc(nc1)O,0,0.32499999999999946,14.6276469199383,96.09199999999998,pyrimidone
CS-61707-AC,X3U,CC(C)C(=O)N,0,0.30749999999999955,25.44024834313434,87.12199999999997,isobutyramide
CS-62242-AC,X3V,C(C(=N)O)N,0,0.24749999999999933,45.71247682526295,74.08799999999998,Glycinamide
CS-64234-AC,X3W,C[C@H](C(=O)O)N,0,0.31249999999999944,15.861349608002048,89.09599999999998,D-(-)-Alanine
CS-65596-AC,X3X,c1cnc(cn1)O,0,0.30999999999999944,20.582443070015174,96.09199999999998,Pyrazinol
CS-66578-AC,X3Y,C(=O)(NN)NN,0,0.2999999999999994,14.506367967445081,90.09799999999998,carbohydrazide
CS-66579-AC,X3Z,C1COC(=N1)O,0,0.27749999999999936,34.49348605701662,87.07999999999998,oxazolidinone
CS-68900-AC,X40,c1c(nc[nH]1)C=O,0,0.31249999999999956,22.057934547021553,96.09199999999998,4-Imidazolecarboxaldehyde
CS-72545-AC,X41,C[C@@H](CO)N,0,0.28499999999999936,25.63269273360993,75.11199999999997,(S)-(+)-2-amino-1-propanol
CS-13835336-AC,X42,C(CO)N,0,0.22999999999999932,58.7416960946454,61.086000000000006, 2-aminoethanol
CS-13854944-AC,X43,CN(C)CCO,0,0.30749999999999955,27.84907249094071,89.13799999999999,dimethylethanolamine
CS-13837537-AC,X44,C1COCCN1,0,0.2799999999999994,42.90226616962981,87.12199999999997,morpholine
CS-13836021-AC,X45,CNCCO,0,0.2974999999999994,20.471732073699926,75.11199999999997,N-methylethanolamine
CS-13835861-AC,X46,CC(C)(CO)N,0,0.29749999999999954,32.103008565610985,89.13799999999999,2-amino-2-methyl-1-propanol
CS-10309795-AC,X47,c1cn[nH]c1C=O,0,0.3374999999999996,12.673374090300818,96.09199999999998,1H-pyrazole-3-carbaldehyde
CS-8373112-AC,X48,C1=CON=N1,0,0.25499999999999934,32.65182354257969,70.05599999999998,oxadiazole
CS-8009726-AC,X49,[O-]\[N+](=N/C)CO,0,0.34249999999999947,10.145213281855545,90.08799999999998,hydroxymethyl-methylimino-oxido-ammonium
CS-4481813-AC,X4A,C/C=N/O,0,0.29249999999999937,13.118657059877478,59.07,Acetaldoxime
CS-311940-AC,X4B,c1cn[nH]c1O,0,0.2949999999999994,21.16022361465582,84.082,Pyrazol-5-ol
CS-283071-AC,X4C,Cc1cc(n[nH]1)O,0,0.3499999999999996,11.300268420709912,98.10799999999998,3-Methyl-5-pyrazolone
CS-161778-AC,X4D,c1coc(=O)[nH]1,0,0.2949999999999994,17.956468863690333,85.064,oxazolone
CS-110510-AC,X4E,C=C(C(=O)O)N,0,0.2974999999999994,19.836661966753294,87.07999999999998,dehydroalanine
CS-86862-AC,X4F,c1c([nH]nc1O)N,0,0.31499999999999945,19.26999423252854,99.09999999999998,3-Amino-5-pyrazolone
CS-66243-AC,X4G,C(C(CO)O)N,0,0.2674999999999994,50.180612290721456,91.11199999999997,1-aminoglycerol
CS-65711-AC,X4H,CS(=O)(=O)N,0,0.26499999999999935,42.02200931966189,95.11999999999998,methanesulfonamide
CS-59559-AC,X4I,Cc1cc(no1)N,0,0.3499999999999996,10.618553416387398,98.10799999999998,3-amino-5-methyl-isoxazole
CS-55104-AC,X4J,C(C(CN)O)N,0,0.2774999999999994,38.220436391483474,90.13,1<COMMA>3-diamino-2-propanol
CS-13867413-AC,X4K,COC(=O)CC<HASH>N,0,0.3474999999999996,13.585468571281908,99.08999999999997,methyl cyanoacetate
CS-61591-AC,X4L,C(C(CO)N)O,0,0.2674999999999994,50.229976077640856,91.11199999999997,serinol
CS-30663-AC,X4M,C/N=[N+](\C)/[O-],0,0.3074999999999994,16.560392782604293,74.08799999999998,azoxymethane
CAFF-AC,X4N,Cn1cnc2n(C)c(=O)n(C)c(=O)c12,0,0.4250000000000004,15.541528539239689,194.2,caffeine
Water,X4O,O,0,0.15763972697784376,25.512169361034385,18.0,water-tip3-noh
WaterUCD,X4P,O,0,0.15522855995419538,30.566530238039384,18.0,water-tip3-withH
METHANAL-AC,X4Q,C=O,0,0.18499999999999928,48.004550250756935,30.025999999999996,Formaldehyde
THEOBROMINE-AC,X4R,Cn1cnc2c1c(=O)[nH]c(=O)n2C,0,0.4325000000000003,10.07545152608286,180.17400000000004,Theobromine
BENZENE-AC,X4S,c1ccccc1,0,0.2824999999999994,36.412593605323345,78.10799999999998,Benzene
FURAN-AC,X4T,c1ccoc1,0,0.26749999999999935,27.89584033740025,68.072,Furan
PYRROLE-AC,X4U,[nH]1cccc1,0,0.26749999999999935,34.09952272738156,67.08999999999999,Pyrrole
CHOL-JS,X4V,C[N+](C)(C)CCO,1,0.3374999999999997,19.182179014497724,104.17339999999997,Choline
BGALNA-JS,X4W,CC(=O)NC1C(O)OC(CO)C(O)C1O,0,0.4725000000000005,8.254906444145933,221.21140000000003,2-acetyl-2-deoxy-beta-d-galactoseamine
CHOL-AC,X4X,C[N+](C)(C)CCO,1,0.3174999999999998,37.52779283550199,104.17199999999998,Choline
BGALNA-AC,NGA,CC(=O)NC1C(O)OC(CO)C(O)C1O,0,0.40500000000000036,21.774107345243284,221.21000000000004,2-acetyl-2-deoxy-beta-d-galactoseamine
PENTANE,X4Y,CCCCC,0,0.32249999999999956,20.435110814026366,72.146,Pentane
CYTOSINE,X4Z,O=C1Nccc(N)n1,0,0.31999999999999956,23.189476148461917,111.10999999999997,Cytosine
GUANINEKETO,X50,C1=NC2=C(N1)C(=O)NC(=N2)N,0,0.405,8.905755432218163,151.14,Guanine  (keto form)
ADENINE,X51,Nc1c2ncNc2ncn1,0,0.36999999999999983,14.016769954189625,135.14000000000004,Adenine
THYMINE,X52,O=C1NC(=O)NC=C1C,0,0.3549999999999998,16.716505994631515,126.11799999999998,Thymine
URACILLACTAM,X53,O=C1C=CNC(=O)N1,0,0.31249999999999956,25.67592793224264,112.09199999999998,Uracil (lactam)
ATRAZINE-AC,X54,Clc1nc(nc(n1)NC(C)C)NCC,0,0.5875000000000004,2.2039565033185213,215.69200000000006,Atrazine
HUMICACID-NEUTRAL-AC,X55,OC(=O)[C@]1(N(=O)=O)[C@H]2C[C@@H]([C@H]1C(=O)O)C=C2,0,0.39000000000000035,29.590490946872183,227.172,Humic acid neutral
HUMICACID-ANION-AC,X56,[O-]C(=O)[C@]1(N(=O)=O)[C@H]2C[C@@H]([C@H]1C(=O)[O-])C=C2,-2,0.38500000000000045,32.367669709989556,225.15600000000006,Humic acid anion
TANNIC-ARM-NEUTRAL-AC,X57,C(=O)(c1cc(c(c(c1)O)O)O)O,0,0.40750000000000003,9.745400947526317,170.11800000000002,Tannic acid arm neutral bead
TANNIC-ARM-ANION-AC,X58,c1c(c(c(cc1C(=O)[O-])O)O)O,-1,0.3825,16.07682186359989,169.10999999999999,Tannic acid arm anion bead
TANNIC-CENTRAL-AC,X59,C([C@@H]1[C@H]([C@@H]([C@H]([C@H](O)O1)O)O)O)O,0,0.3775000000000001,21.19311043337424,180.156,Tannic acid central bead
ALANINEZWITTER,X5A,C[C@@H](C(=O)[O-])[NH3+],0,0.30499999999999955,26.45315387128278,89.09599999999998,Zwitterionic alanine
SERINEZWITTER,X5B,C([C@@H](C(=O)[O-])[NH3+])O,0,0.2774999999999995,60.755814211138585,105.09599999999998,Zwitterionic serine
HISTIDINEZWITTER,X5C,O=C([C@H](CC1=CNC=N1)[NH3+])[O-],0,0.41750000000000015,10.070091624730301,155.16200000000003,Zwitterionic histidine
BSAI1,X5D,c1ccc(cc1)Cl,0,0.3774999999999997,7.93064124261565,112.54999999999998,chlorobenzene
BSAI2,X5E,CCc1ccccc1,0,0.38249999999999984,10.963163335923985,106.16,ethylbenzene
BSAI3,X5F,Cc1ccc(cc1)C,0,0.38249999999999984,11.289460617237912,106.16,p-xylene
BSAI4,X5G,c1ccc(cc1)Br,0,0.4499999999999999,2.993972377713485,157.00000000000003,bromobenzene
BSAI5,X5H,CCCc1ccccc1,0,0.41250000000000003,9.226631411942403,120.18599999999998,propylbenzene
BSAI6,X5I,Cc1ccc(cc1)Cl,0,0.4199999999999999,5.796107336843942,126.57599999999998,4-chlorotoluene
BSAI7,X5J,c1ccc(cc1)O,0,0.32749999999999957,16.375669290623517,94.10799999999998,phenol
BSAI8,X5K,c1ccc(cc1)C<HASH>N,0,0.3699999999999997,10.83862608791926,103.11999999999998,benzonitrile
BSAI9,X5L,c1cc(ccc1O)F,0,0.32499999999999957,19.92040914947555,112.09999999999998,4-fluorophenol
BSAI10,X5M,c1ccc(cc1)CO,0,0.3524999999999997,15.403431045760469,108.134,benzyl alcohol
BSAI11,X5N,c1ccc(cc1)I,0,0.5000000000000001,1.7887026905997339,204.00000000000003,iodobenzene
BSAI12,X5O,CC(=O)c1ccccc1,0,0.39749999999999985,8.824160524047063,120.14399999999999,acetophenone
BSAI13,X5P,Cc1cccc(c1)O,0,0.3499999999999997,16.40034625931429,108.134,3-methylphenol
BSAI14,X5Q,COC(=O)c1ccccc1,0,0.43000000000000005,6.267380652223189,136.144,methyl benzoate
BSAI15,X5R,COc1ccc(cc1)Cl,0,0.5000000000000001,2.037780530631843,142.57600000000002,4-chloroanisole
BSAI16,X5S,c1ccc(cc1)CCO,0,0.3925,10.391037090215988,122.15999999999998,phenylethyl alcohol
BSAI17,X5T,Cc1cccc(c1)CO,0,0.39,11.34869020414256,122.15999999999998,3-methylbenzyl alcohol
BSAI18,X5U,CCc1ccc(cc1)O,0,0.4625000000000001,3.371635642208066,122.15999999999998,4-ethylphenol
BSAI19,X5V,Cc1cc(cc(c1)O)C,0,0.385,12.467982586948645,122.15999999999998,3<COMMA>5-dimethylphenol
BSAI20,X5W,CCOC(=O)c1ccccc1,0,0.4775000000000003,4.177323728442086,150.17000000000004,ethyl benzoate
BSAI21,X5X,Cc1ccccc1C(=O)OC,0,0.44000000000000017,6.980984031567201,150.17000000000004,Methyl 2-methylbenzoate
BSAI22,X5Y,c1ccc2ccccc2c1,0,0.395,10.82531007999428,128.164,naphthalene
BSAI23,X5Z,c1cc(cc(c1)Cl)O,0,0.3474999999999997,17.420176233193214,128.54999999999998,3-chlorophenol
BSAI24,X60,Cc1ccc(cc1)[N+](=O)[O-],0,0.44000000000000006,5.300669495812545,137.136,4-nitrotoluene
BSAI25,X61,CC(=O)c1ccc(cc1)Cl,0,0.44250000000000017,6.273318947830591,154.586,4-chloroacetophenone
BSAI26,X62,c1cc(cc(c1)Br)O,0,0.41249999999999987,6.331676648392959,173.00000000000006,3-bromophenol
BSAI27,X63,Cc1cccc2c1cccc2,0,0.40250000000000014,13.27079022788661,142.19000000000005,1-methylnaphthalene
BSAI28,X64,c1ccc(cc1)c2ccccc2,0,0.4775000000000003,4.814546240878969,154.20000000000005,biphenyl
BSAIV1,X65,c1ccc(c(c1)O)Cl,0,0.38249999999999973,8.449756050686643,128.54999999999998,2-chlorophenol
BSAIV2,X66,c1ccc(c(c1)Cl)Cl,0,0.38999999999999985,9.400057680371118,146.99200000000005,o-dichlorobenzene
BSAIV3,X67,c1cc(cc(c1)Cl)Cl,0,0.3574999999999998,18.55727384725812,146.99200000000005,m-dichlorobenzene
BSAIV4,X68,c1cc(ccc1Cl)Cl,0,0.37249999999999983,14.02613187022055,146.99200000000005,p-dichlorobenzene
BSAIV5,X69,C(C(Cl)(Cl)Cl)(Cl)(Cl)Cl,0,0.30000000000000004,100.82207551027287,236.72000000000003,hexachloroethane
BSAIV6,X6A,c1ccc(cc1)[N+](=O)[O-],0,0.37999999999999984,9.933484018616122,123.10999999999997,nitrobenzene
BSAIV7,X6B,CC1=CC(=O)CC(C1)(C)C,0,0.3900000000000001,17.911456163071573,138.202,isophorone
BSAIV8,X6C,c1cc(c(cc1Cl)Cl)O,0,0.355,23.21696453207634,162.99200000000005,2<COMMA>4-dichlorophenol
BSAIV9,X6D,c1cc(c(cc1Cl)Cl)Cl,0,0.3925,13.53568916522407,181.43400000000005,1<COMMA>2<COMMA>4-trichlorobenzene
BSAIV10,X6E,c1ccc2cc(ccc2c1)Cl,0,0.4475000000000002,6.379587697582493,162.60600000000002,2-chloronaphthalene
BSAIV11,X6F,Cc1ccc(cc1[N+](=O)[O-])[N+](=O)[O-],0,0.42250000000000026,11.707038721751353,182.138,2<COMMA>4-dinitrotoluene
BSAIV12,X6G,c1ccc(cc1)/N=N/c2ccccc2,0,0.5875000000000002,1.6929150073207302,182.22,azobenzene
ALA-AC,X6H,C[C@@H](C(=O)O)N,0,0.31249999999999944,15.669459119592062,89.09599999999998,alanine full AA
ASN-AC,X6I,O=C(N)C[C@H](N)C(=O)O,0,0.31749999999999967,31.997575842706965,132.124, asn full AA
CYS-AC,X6J,C([C@@H](C(=O)O)N)S,0,0.2774999999999995,64.5879540080815,121.15599999999998,cys full AA
GLN-AC,X6K,O=C(N)CCC(N)C(=O)O,0,0.405,8.6023840634349,146.15000000000003,gln full AA
ILE-AC,X6L,CC[C@H](C)[C@@H](C(=O)O)N,0,0.4625000000000001,3.5731062160019906,131.17400000000004,ILE full AA
LEU-AC,X6M,CC(C)C[C@@H](C(=O)O)N,0,0.385,13.12482878714533,131.17400000000004,LEU full AA
MET-AC,X6N,CSCC[C@H](N)C(=O)O,0,0.39,12.877323785404268,149.20800000000003,MET full AA
PHE-AC,X6O,c1ccc(cc1)C[C@@H](C(=O)O)N,0,0.42250000000000026,10.369105733693633,165.18800000000007,PHE full AA
SER-AC,X6P,C([C@@H](C(=O)O)N)O,0,0.2849999999999994,36.86289939552841,105.09599999999998,SER full AA
THR-AC,X6Q,C[C@H]([C@@H](C(=O)O)N)O,0,0.3299999999999997,21.115535286872248,119.122,THR full AA
TRP-AC,X6R,c1[nH]c2ccccc2c1C[C@H](N)C(=O)O,0,0.4975000000000005,5.37252947543503,204.22600000000003,TRP full AA
TYR-AC,X6S,N[C@@H](Cc1ccc(O)cc1)C(O)=O,0,0.4550000000000003,6.778627187033928,181.188,TYR full AA
VAL-AC,X6T,CC(C)[C@@H](C(=O)O)N,0,0.3649999999999998,13.430210268362137,117.14799999999998,VAL full AA
ARG-AC,X6U,NC(=[NH2+])NCCC[C@H](N)C(=O)O,1,0.5250000000000002,2.6405572323721866,175.22,arg full AA
ASP-AC,X6V,N[C@@H](CC(=O)[O-])C(=O)O,-1,0.30999999999999966,36.478438463552834,132.09800000000004,asp full AA
HID-AC,X6W,N[C@@H](Cc1cnc[nH]1)C(=O)O,0,0.375,18.40659614073804,155.16200000000003,HID full AA
HIE-AC,X6X,N[C@@H](Cc1c[nH]cn1)C(=O)O,0,0.375,18.536886196727263,155.16200000000003,HIE full AA
GLU-AC,X6Y,N[C@@H](CCC(=O)[O-])C(=O)O,-1,0.3299999999999998,34.648018939558824,146.12400000000002, glu full AA
LYS-AC,X6Z,N[C@@H](CCCC[NH3+])C(=O)O,1,0.3875000000000001,16.543093498833596,147.20000000000002,LYS full AA
HIP-AC,X70,NC(CC1=C[NH+]=CN1)C(O)=O,1,0.39750000000000013,12.330028808675019,156.17000000000004,HIP full AA
ASPP-AC,X71,N[C@@H](CC(O)=O)C(O)=O,0,0.31749999999999967,30.999595867054822,133.106,asp full AA
GLUP-AC,X72,N[C@@H](CCC(O)=O)C(O)=O,0,0.3349999999999998,30.75782521087675,147.13200000000003, glu full AA
PHYDROXYPHENYL-AC,X73,Cc1ccc(O)cc1,0,0.3749999999999997,9.993677702317306,108.134,p-hydroxyphenl
GUAIACYL-AC,X74,COc1cc(C)ccc1O,0,0.41750000000000004,8.008565391436465,138.16000000000003,1g-guaiacyl
ACYLGUIAACYL-AC,X75,COc1cc(C(C)=O)ccc1O,0,0.4700000000000003,5.106099453513375,166.17000000000007,acyl guiacyl
SYRINGYL-AC,X76,COc1cc(C)cc(OC)c1O,0,0.4650000000000003,5.726900431048113,168.18599999999998,syringyl
ACYLSYRINGYL-AC,X77,COc1cc(C(C)=O)cc(OC)c1O,0,0.5025000000000004,4.570587203186415,196.196,acyl syringyl
METHOXYPHENOL-AC,X78,COc1ccccc1O,0,0.37999999999999984,10.715484038547963,124.134,methoxyphenol
DIMETHOXYPHENOL-AC,X79,COc1cccc(OC)c1O,0,0.43500000000000016,6.48270745756529,154.16000000000005,2-6 dimethoxyphenol
BUT2ENOIC-AC,X7A,C/C=C/C(=O)O,0,0.3874999999999995,4.4323210300839815,86.08799999999998,but-2-enoic acid
HMA,HMA,X,0,0.31499999999999956,26.022438449085143,91.0,heme IX ferric penta ring group a
HMB,HMB,X,0,0.31749999999999956,25.069096741941177,90.0,heme IX ferric penta ring group b
HMC,HMC,X,0,0.3549999999999998,18.7306710691384,103.0,heme IX ferric penta ring group c
HMD,HMD,X,0,0.3449999999999998,21.325238857656338,104.0,heme IX ferric penta ring group d
HFE,HFE,X,0,0.1244104433017111,2.299717520245251,55.850100000000005,heme IX ferric penta iron
AZANE-AC,X7B,N,0,0.19241716246036927,2.7889168050337227,17.034,azane
FORMICACID-AC,X7C,O=CO,0,0.18499999999999928,87.77367602654758,46.026,formic acid
FLUORANE-AC,X7D,F,0,0.156076138759401,20.615258602486605,20.008,fluorane
METHANAMINE-AC,X7E,CN,0,0.18749999999999928,55.008203948527814,31.059999999999995,methanamine
PYRIDINE-AC,X7F,c1ccncc1,0,0.2874999999999994,29.150004268373007,79.09999999999998,pyridine
DIHYDROXYPHOSPHANIUM-AC,X7G,O=[PH](O)O,0,0.2099999999999993,106.24558365197828,81.99399999999999,dihydroxy(oxo)phosphanium
OXOLANE-AC,X7H,C1CCOC1,0,0.26249999999999934,51.46280665624756,72.10399999999998,oxolane
CHLORANE-AC,X7I,Cl,0,0.17336688939061737,52.33529977622652,36.458000000000006,chlorane
OXANE-AC,X7J,C1CCOCC1,0,0.28749999999999953,44.611454798437634,86.13,oxane
ACETALDEHYDE-AC,X7K,CC=O,0,0.22999999999999932,38.49543400183558,44.05200000000001,acetaldehyde
PIPERIDINE-AC,X7L,C1CCNCC1,0,0.29249999999999954,41.77494131692138,85.148,piperidine
ETHANAMINE-AC,X7M,CCN,0,0.24749999999999933,25.814723021500065,45.086,ethanamine
FLUOROFORM-AC,X7N,FC(F)F,0,0.18749999999999928,101.67976244595997,70.01799999999999,fluoroform
1HPYRAZOLE-AC,X7O,c1cn[nH]c1,0,0.26249999999999934,35.112825429872906,68.082,1H-pyrazole
PYRROLIDINE-AC,X7P,C1CCNC1,0,0.2574999999999994,62.613659156754174,71.12199999999997,pyrrolidine
CYCLOHEXANE-AC,X7Q,C1CCCCC1,0,0.28749999999999964,57.572884485665064,84.15599999999999,cyclohexane
PYRIMIDINE-AC,X7R,c1cncnc1,0,0.28249999999999936,30.51581942289924,80.09199999999998,pyrimidine
PHOSPHORICACID-AC,X7S,O=P(O)(O)O,0,0.2249999999999993,96.69390657975141,97.994,phosphoric acid
PIPERAZINE-AC,X7T,C1CNCCN1,0,0.2799999999999994,44.99920726065356,86.14,piperazine
SULFAMIDHYD-AC,X7U,N[SH](=O)=O,0,0.2149999999999993,86.56446248398602,81.09399999999998,sulfonyl amide with hydrogen termination
OXIDOLAMBDA4SULFANE-AC,X7V,O=[SH2]=O,0,0.18999999999999928,128.869549981713,66.076,oxido(oxo)-lambda4-sulfane
NMETHYLMETHANAMINE-AC,X7W,CNC,0,0.24249999999999933,32.550094517590644,45.086,N-methylmethanamine
1HINDOLE-AC,X7X,c1ccc2[nH]ccc2c1,0,0.37999999999999984,10.893276802338082,117.146,1H-indole
FORMONITRILE-AC,X7Y,C<HASH>N,0,0.19499999999999929,44.15109602365411,27.028,formonitrile
13THIAZOLE-AC,X7Z,c1cscn1,0,0.28499999999999936,25.74153789155602,85.124,1<COMMA>3-thiazole
PROPANAL-AC,X80,CCC=O,0,0.2999999999999994,13.225960912246581,58.078,propanal
ETHANE12DIOL-AC,X81,OCCO,0,0.22749999999999931,65.56137310012298,62.068,ethane-1<COMMA>2-diol
THIOPHENE-AC,X82,c1ccsc1,0,0.2974999999999994,20.82748837235492,84.132,thiophene
BROMANE-AC,X83,Br,0,0.17999999999999927,75.15884185348702,80.908,bromane
1HIMIDAZOLE-AC,X84,c1c[nH]cn1,0,0.25749999999999934,39.920392563360394,68.082,1H-imidazole
METHYLFORMATE-AC,X85,COC=O,0,0.27249999999999935,16.379248582284646,60.05199999999999,methyl formate
1HBENZIMIDAZOLE-AC,X86,c1ccc2[nH]cnc2c1,0,0.36999999999999983,12.466544950095784,118.13799999999998,1H-benzimidazole
SULFANE-AC,X87,S,0,0.17462752785015268,49.99294447065879,34.07600000000001,sulfane
QUINOLINE-AC,X88,c1ccc2ncccc2c1,0,0.3875,12.119679964492699,129.156,quinoline
PROPAN1AMINE-AC,X89,CCCN,0,0.2949999999999994,16.00685599822011,59.112000000000016,propan-1-amine
NITROUSACID-AC,X8A,O=[NH+][O-],0,0.17249999999999927,124.82529880661365,47.018,nitrous acid
METHANESULFINATE-AC,X8B,C[SH](=O)=O,0,0.25749999999999934,37.43966149437757,80.10199999999999,methanesulfinate
HYDROGENSULFITE-AC,X8C,O=[SH](=O)O,0,0.2049999999999993,122.6658728442922,82.076,hydrogen sulfite
CYCLOPENTANE-AC,X8D,C1CCCC1,0,0.2624999999999994,69.96437939515404,70.12999999999997,cyclopentane
PYRROLIDIN2ONE-AC,X8E,O=C1CCCN1,0,0.29499999999999943,29.892491299850782,85.10599999999998,pyrrolidin-2-one
PROPAN1OL-AC,X8F,CCCO,0,0.28999999999999937,18.597198113690986,60.09400000000001,propan-1-ol
2HTRIAZOLE-AC,X8G,c1c[nH]nn1,0,0.25749999999999934,37.54098989673492,69.074,2H-triazole
PROPAN2OL-AC,X8H,CC(C)O,0,0.25749999999999934,42.7276681814766,60.09400000000001,propan-2-ol
METHANIMIDAMIDE-AC,X8I,[H]/N=C\N,0,0.19499999999999929,80.5196366087315,44.062000000000005,methanimidamide
NETHYLFORMAMIDE-AC,X8J,CCNC=O,0,0.3624999999999995,5.355536939965869,73.09599999999998,N-ethylformamide
ISOQUINOLINE-AC,X8K,c1ccc2cnccc2c1,0,0.3875,12.036263095972568,129.156,isoquinoline
METHOXYMETHANE-AC,X8L,COC,0,0.23749999999999932,34.22528620399916,46.068000000000005,methoxymethane
7HPYRROLO23DPYRIMIDINE-AC,X8M,c1ncc2cc[nH]c2n1,0,0.37249999999999983,11.069300316736252,119.12999999999998,7H-pyrrolo[2<COMMA>3-d]pyrimidine
2HYDROXYACETALDEHYDE-AC,X8N,O=CCO,0,0.2249999999999993,61.968279739902535,60.05199999999999,2-hydroxyacetaldehyde
ACETYLENE-AC,X8O,C<HASH>C,0,0.2049999999999993,51.16002856583879,26.035999999999998,acetylene
HISTIDINESCA-AUTO,HAS,HID 0.14621171572600097 HIE 0.5848468629040039 HIP 0.2689414213699952,0.2689414213699952,0.30499999999999944,24.02152108752599,82.37909295274093,
HISTIDINE-AUTO,HAF,HID 0.14621171572600097 HIE 0.5848468629040039 HIP 0.2689414213699952,0.2689414213699952,0.38105118198082494,16.848555215915418,155.43309295274102,
